{"cameraMode":{"drawMode":0,"name":"Shaded","section":"Shading Mode"},"sceneLighting":false,"audioPlay":false,"sceneViewState":{"showFog":true,"showMaterialUpdate":false,"showSkybox":true,"showFlares":true,"showImageEffects":true,"showParticleSystems":true},"in2DMode":false,"pivot":{"x":782.5199584960938,"y":376.2457275390625,"z":-450.99346923828127},"rotation":{"x":0.2349100261926651,"y":0.03789191693067551,"z":-0.009167056530714035,"w":0.9712350368499756},"size":1542.1156005859375,"orthographic":false}