{"cameraMode":{"drawMode":0,"name":"Shaded","section":"Shading Mode"},"sceneLighting":false,"audioPlay":false,"sceneViewState":{"showFog":true,"showMaterialUpdate":false,"showSkybox":true,"showFlares":true,"showImageEffects":true,"showParticleSystems":true},"in2DMode":false,"pivot":{"x":0.06994526088237763,"y":-0.015402242541313172,"z":-0.0734514445066452},"rotation":{"x":-0.04857271909713745,"y":0.9513553380966187,"z":-0.22105973958969117,"w":-0.20903654396533967},"size":22.0,"orthographic":false}