{"cameraMode":{"drawMode":0,"name":"Shaded","section":"Shading Mode"},"sceneLighting":false,"audioPlay":false,"sceneViewState":{"showFog":true,"showMaterialUpdate":false,"showSkybox":true,"showFlares":true,"showImageEffects":true,"showParticleSystems":true},"in2DMode":false,"pivot":{"x":398.1044921875,"y":91.33441925048828,"z":0.65155029296875},"rotation":{"x":0.049716655164957049,"y":0.05390213429927826,"z":-0.0026870975270867349,"w":0.9973042011260986},"size":680.3043212890625,"orthographic":false}