{"cameraMode":{"drawMode":0,"name":"Shaded","section":"Shading Mode"},"sceneLighting":false,"audioPlay":false,"sceneViewState":{"showFog":true,"showMaterialUpdate":false,"showSkybox":true,"showFlares":true,"showImageEffects":true,"showParticleSystems":true},"in2DMode":false,"pivot":{"x":130.6329803466797,"y":564.084228515625,"z":-6.95367431640625},"rotation":{"x":0.0767122134566307,"y":0.02392224222421646,"z":-0.0018411058699712158,"w":0.9967645406723023},"size":1783.9139404296875,"orthographic":false}