{"cameraMode":{"drawMode":0,"name":"Shaded","section":"Shading Mode"},"sceneLighting":false,"audioPlay":false,"sceneViewState":{"showFog":true,"showMaterialUpdate":false,"showSkybox":true,"showFlares":true,"showImageEffects":true,"showParticleSystems":true},"in2DMode":false,"pivot":{"x":395.3491516113281,"y":212.27700805664063,"z":98.02208709716797},"rotation":{"x":-0.24090048670768739,"y":0.011654527857899666,"z":-0.002892598044127226,"w":-0.9704755544662476},"size":562.2689819335938,"orthographic":false}