{"cameraMode":{"drawMode":0,"name":"Shaded","section":"Shading Mode"},"sceneLighting":false,"audioPlay":false,"sceneViewState":{"showFog":true,"showMaterialUpdate":false,"showSkybox":true,"showFlares":true,"showImageEffects":true,"showParticleSystems":true},"in2DMode":false,"pivot":{"x":67.77003479003906,"y":287.3505859375,"z":33.884151458740237},"rotation":{"x":-0.019800644367933275,"y":0.031496502459049228,"z":-0.0006237451452761889,"w":-0.9993075728416443},"size":604.2244873046875,"orthographic":false}