{"cameraMode":{"drawMode":0,"name":"Shaded","section":"Shading Mode"},"sceneLighting":false,"audioPlay":false,"sceneViewState":{"showFog":true,"showMaterialUpdate":false,"showSkybox":true,"showFlares":true,"showImageEffects":true,"showParticleSystems":true},"in2DMode":false,"pivot":{"x":0.001915231579914689,"y":-0.024414023384451867,"z":0.004906296730041504},"rotation":{"x":-0.04857271909713745,"y":0.9513553380966187,"z":-0.22105973958969117,"w":-0.20903654396533967},"size":0.3094708323478699,"orthographic":false}