{"cameraMode":{"drawMode":0,"name":"Shaded","section":"Shading Mode"},"sceneLighting":false,"audioPlay":false,"sceneViewState":{"showFog":true,"showMaterialUpdate":false,"showSkybox":true,"showFlares":true,"showImageEffects":true,"showParticleSystems":true},"in2DMode":false,"pivot":{"x":-24.086212158203126,"y":181.42385864257813,"z":81.08905029296875},"rotation":{"x":0.06326746195554733,"y":0.001492279814556241,"z":-0.00009460418368689716,"w":0.9979954957962036},"size":501.7001953125,"orthographic":false}