{"cameraMode":{"drawMode":0,"name":"Shaded","section":"Shading Mode"},"sceneLighting":false,"audioPlay":false,"sceneViewState":{"showFog":true,"showMaterialUpdate":false,"showSkybox":true,"showFlares":true,"showImageEffects":true,"showParticleSystems":true},"in2DMode":false,"pivot":{"x":0.028900550678372384,"y":-0.0018948251381516457,"z":0.002957165241241455},"rotation":{"x":-0.01680907793343067,"y":-0.014989400282502175,"z":0.0002523591974750161,"w":-0.9997463822364807},"size":0.30348265171051028,"orthographic":false}