{"cameraMode":{"drawMode":0,"name":"Shaded","section":"Shading Mode"},"sceneLighting":false,"audioPlay":false,"sceneViewState":{"showFog":true,"showMaterialUpdate":false,"showSkybox":true,"showFlares":true,"showImageEffects":true,"showParticleSystems":true},"in2DMode":false,"pivot":{"x":93.13795471191406,"y":24.62860107421875,"z":-64.49395751953125},"rotation":{"x":0.2349100261926651,"y":0.03789191693067551,"z":-0.009167056530714035,"w":0.9712350368499756},"size":0.14436787366867066,"orthographic":false}