{"rotations":[{"loIndex":1,"stepIndex":2,"rotationx":0.13362790644168855,"rotationy":-0.7313866019248962,"rotationz":0.02231261506676674,"rotationw":-0.6683706641197205}]}